{
  "file": {
    "width": 24,
    "height": 24,
    "paths": "M14.7654 2.36255V5.9063C14.7654 6.55869 15.2943 7.08755 15.9467 7.08755H19.4904M17.7185 4.13442C17.1928 3.66403 16.6473 3.10612 16.3029 2.74378C16.0737 2.50266 15.757 2.36255 15.4244 2.36255H6.49638C5.19161 2.36255 4.13389 3.42027 4.13388 4.72504L4.13379 18.9C4.13378 20.2048 5.1915 21.2625 6.49628 21.2625L17.1276 21.2625C18.4323 21.2625 19.4901 20.2049 19.4901 18.9001L19.4904 6.37667C19.4904 6.07462 19.3752 5.78427 19.1655 5.56682C18.7779 5.16472 18.1306 4.50309 17.7185 4.13442Z"
  },
  "text": {
    "width": 24,
    "height": 24,
    "paths": "M9.08571 19.2003H12.3529M12.3529 19.2003H15.7714M12.3529 19.2003V4.80029M12.3529 4.80029H7.02857C6.46051 4.80029 6 5.2608 6 5.82886V7.34147M12.3529 4.80029H17.2538C17.8218 4.80029 18.2823 5.2608 18.2823 5.82886V7.765"
  },
  "voice": {
    "width": 24,
    "height": 24,
    "paths": "M18.7692 9.34474C20.2486 11.1677 20.4575 13.5939 19.0503 15.7409M13.9598 5L9.07702 9.0698H4V14.9296L9.07702 14.9282L13.9598 19V5Z"
  },
  "arrow-curve-left-up": {
    "width": 24,
    "height": 24,
    "paths": "M8.91362 4.20005L3.59961 9.51406M3.59961 9.51406L8.91362 14.8281M3.59961 9.51406L16.3996 9.51406C18.6087 9.51406 20.3996 11.3049 20.3996 13.5141L20.3996 19.8001"
  },
  "arrow-curve-right-up": {
    "width": 24,
    "height": 24,
    "paths": "M15.0864 4.20005L20.4004 9.51406M20.4004 9.51406L15.0864 14.8281M20.4004 9.51406L7.6004 9.51406C5.39126 9.51406 3.60039 11.3049 3.60039 13.5141L3.60039 19.8"
  },
  "chevron-double-left": {
    "width": 24,
    "height": 24,
    "paths": "M13.4 5.80024L19 11.4002L13.4 17.0002M5 5.80024L10.6 11.4002L5 17.0002"
  },
  "copy-right": {
    "width": 24,
    "height": 24,
    "paths": "M20 13.1251L20 6.00003C20 4.34317 18.6568 3.00002 17 3.00004L9.875 3.00012M14 21.0001L7.25 21.0001C6.00736 21.0001 5 19.9928 5 18.7501L5 9.00012C5 7.75748 6.00736 6.75012 7.25 6.75012L14 6.75012C15.2426 6.75011 16.25 7.75748 16.25 9.00012L16.25 18.7501C16.25 19.9928 15.2426 21.0001 14 21.0001Z"
  },
  "stars": {
    "width": 24,
    "height": 24,
    "paths": "M13.1735 0.75L15.0038 5.69621L19.95 7.52647L15.0038 9.35673L13.1735 14.3029L11.3433 9.35673L6.39706 7.52647L11.3433 5.69621L13.1735 0.75Z M4.70294 12.0441L6.30177 14.3982L8.65588 15.9971L6.30177 17.5959L4.70294 19.95L3.10411 17.5959L0.75 15.9971L3.10411 14.3982L4.70294 12.0441Z"
  },
  "x": {
    "width": 24,
    "height": 24,
    "paths": "M20 4L4 20M20 20L4 4"
  }
}